{"spot_diameter_fullres": 171.4509456881835, "tissue_hires_scalef": 0.09675859, "fiducial_diameter_fullres": 276.95921995783493, "tissue_lowres_scalef": 0.029027576}